<?xml version="1.0" encoding="UTF-8"?>
<metadata xml:lang="en"><Esri><CreaDate>20220722</CreaDate><CreaTime>18313400</CreaTime><SyncOnce>FALSE</SyncOnce><SyncDate>20240102</SyncDate><SyncTime>19160300</SyncTime><ModDate>20240102</ModDate><ModTime>19160300</ModTime><DataProperties><itemProps><itemName Sync="TRUE">wifves_communities</itemName><imsContentType Sync="TRUE">002</imsContentType><itemLocation><linkage Sync="TRUE">file://\\DESKTOP-JF38O7R\Users\Hp\Documents\projects\wifves\tools_for_dashboard\wifves_communities.shp</linkage><protocol Sync="TRUE">Local Area Network</protocol></itemLocation><itemSize Sync="TRUE">0.000</itemSize></itemProps><coordRef><type Sync="TRUE">Projected</type><geogcsn Sync="TRUE">GCS_Leigon</geogcsn><csUnits Sync="TRUE">Linear Unit: Meter (1.000000)</csUnits><projcsn Sync="TRUE">Ghana_Metre_Grid</projcsn><peXml Sync="TRUE">&lt;ProjectedCoordinateSystem xsi:type='typens:ProjectedCoordinateSystem' xmlns:xsi='http://www.w3.org/2001/XMLSchema-instance' xmlns:xs='http://www.w3.org/2001/XMLSchema' xmlns:typens='http://www.esri.com/schemas/ArcGIS/3.0.0'&gt;&lt;WKT&gt;PROJCS[&amp;quot;Ghana_Metre_Grid&amp;quot;,GEOGCS[&amp;quot;GCS_Leigon&amp;quot;,DATUM[&amp;quot;D_Leigon&amp;quot;,SPHEROID[&amp;quot;Clarke_1880_RGS&amp;quot;,6378249.145,293.465]],PRIMEM[&amp;quot;Greenwich&amp;quot;,0.0],UNIT[&amp;quot;Degree&amp;quot;,0.0174532925199433]],PROJECTION[&amp;quot;Transverse_Mercator&amp;quot;],PARAMETER[&amp;quot;False_Easting&amp;quot;,274319.51],PARAMETER[&amp;quot;False_Northing&amp;quot;,0.0],PARAMETER[&amp;quot;Central_Meridian&amp;quot;,-1.0],PARAMETER[&amp;quot;Scale_Factor&amp;quot;,0.99975],PARAMETER[&amp;quot;Latitude_Of_Origin&amp;quot;,4.666666666666667],UNIT[&amp;quot;Meter&amp;quot;,1.0],AUTHORITY[&amp;quot;EPSG&amp;quot;,25000]]&lt;/WKT&gt;&lt;XOrigin&gt;-5347600&lt;/XOrigin&gt;&lt;YOrigin&gt;-10515400&lt;/YOrigin&gt;&lt;XYScale&gt;450380229.84739262&lt;/XYScale&gt;&lt;ZOrigin&gt;-100000&lt;/ZOrigin&gt;&lt;ZScale&gt;10000&lt;/ZScale&gt;&lt;MOrigin&gt;-100000&lt;/MOrigin&gt;&lt;MScale&gt;10000&lt;/MScale&gt;&lt;XYTolerance&gt;0.001&lt;/XYTolerance&gt;&lt;ZTolerance&gt;0.001&lt;/ZTolerance&gt;&lt;MTolerance&gt;0.001&lt;/MTolerance&gt;&lt;HighPrecision&gt;true&lt;/HighPrecision&gt;&lt;WKID&gt;25000&lt;/WKID&gt;&lt;LatestWKID&gt;25000&lt;/LatestWKID&gt;&lt;/ProjectedCoordinateSystem&gt;</peXml></coordRef><lineage><Process ToolSource="c:\program files (x86)\arcgis\desktop10.1\ArcToolbox\Toolboxes\Data Management Tools.tbx\CopyFeatures" Date="20131018" Time="115606">CopyFeatures D:\DATA\UCC\Country_Shapefiles\Towns.shp "D:\CHRIS\PROJECTS\COUNTRYWIDE VECTOR DATA.gdb\Towns" # 0 0 0</Process><Process ToolSource="c:\program files\arcgis\pro\Resources\ArcToolbox\Toolboxes\Data Management Tools.tbx\DeleteField" Date="20240102" Time="133527">DeleteField WiFVES_Communities GBV_Preval "Delete Fields"</Process><Process ToolSource="c:\program files\arcgis\pro\Resources\ArcToolbox\toolboxes\Conversion Tools.tbx\ExportFeatures" Date="20240102" Time="191603">ExportFeatures WiFVES_Communities C:\Users\Hp\Documents\projects\wifves\tools_for_dashboard\wifves_communities.shp # NOT_USE_ALIAS "TOWN_NAME "TOWN_NAME" true true false 40 Text 0 0,First,#,WiFVES_Communities,WiFVES_Communities.TOWN_NAME,0,40;DISTRICT "DISTRICT" true true false 50 Text 0 0,First,#,WiFVES_Communities,WiFVES_Communities.DISTRICT,0,50;REGION "REGION" true true false 20 Text 0 0,First,#,WiFVES_Communities,WiFVES_Communities.REGION,0,20;Community "Community" true true false 8000 Text 0 0,First,#,WiFVES_Communities,gbv_among_communities.csv.Community,0,8000;Town_Name "Town_Name" true true false 8000 Text 0 0,First,#,WiFVES_Communities,gbv_among_communities.csv.Town_Name,0,8000;Sample Size "Sample Size" true true false 4 Long 0 0,First,#,WiFVES_Communities,gbv_among_communities.csv.Sample Size,-1,-1;Population "Population" true true false 4 Long 0 0,First,#,WiFVES_Communities,gbv_among_communities.csv.Population,-1,-1;General GBV Awareness (%) "General GBV Awareness (%)" true true false 8 Double 0 0,First,#,WiFVES_Communities,gbv_among_communities.csv.General GBV Awareness (%),-1,-1;Sexual GBV Awareness (%) "Sexual GBV Awareness (%)" true true false 8 Double 0 0,First,#,WiFVES_Communities,gbv_among_communities.csv.Sexual GBV Awareness (%),-1,-1;Suspected Sexual GBV From Survey (Past 5 years) "Suspected Sexual GBV From Survey (Past 5 years)" true true false 4 Long 0 0,First,#,WiFVES_Communities,gbv_among_communities.csv.Suspected Sexual GBV From Survey (Past 5 years),-1,-1;Suspected Sexual GBV (2022) "Suspected Sexual GBV (2022)" true true false 4 Long 0 0,First,#,WiFVES_Communities,gbv_among_communities.csv.Suspected Sexual GBV (2022),-1,-1;Estimated SGBV Cases Reported "Estimated SGBV Cases Reported" true true false 4 Long 0 0,First,#,WiFVES_Communities,gbv_among_communities.csv.Estimated SGBV Cases Reported,-1,-1;Victims: Women "Victims: Women" true true false 4 Long 0 0,First,#,WiFVES_Communities,gbv_among_communities.csv.Victims: Women,-1,-1;Victims: Men "Victims: Men" true true false 4 Long 0 0,First,#,WiFVES_Communities,gbv_among_communities.csv.Victims: Men,-1,-1;Estimated Victims: Women "Estimated Victims: Women" true true false 4 Long 0 0,First,#,WiFVES_Communities,gbv_among_communities.csv.Estimated Victims: Women,-1,-1;Estimated Victims: Men "Estimated Victims: Men" true true false 4 Long 0 0,First,#,WiFVES_Communities,gbv_among_communities.csv.Estimated Victims: Men,-1,-1;Physical GBV Awareness (%) "Physical GBV Awareness (%)" true true false 8 Double 0 0,First,#,WiFVES_Communities,gbv_among_communities.csv.Physical GBV Awareness (%),-1,-1;Suspected Physical GBV "Suspected Physical GBV" true true false 4 Long 0 0,First,#,WiFVES_Communities,gbv_among_communities.csv.Suspected Physical GBV,-1,-1;Suspected Physical GBV (2022) "Suspected Physical GBV (2022)" true true false 4 Long 0 0,First,#,WiFVES_Communities,gbv_among_communities.csv.Suspected Physical GBV (2022),-1,-1;Estimated PGBV Cases Reported "Estimated PGBV Cases Reported" true true false 4 Long 0 0,First,#,WiFVES_Communities,gbv_among_communities.csv.Estimated PGBV Cases Reported,-1,-1;Victims: Women3 "Victims: Women3" true true false 4 Long 0 0,First,#,WiFVES_Communities,gbv_among_communities.csv.Victims: Women3,-1,-1;Victims: Men4 "Victims: Men4" true true false 4 Long 0 0,First,#,WiFVES_Communities,gbv_among_communities.csv.Victims: Men4,-1,-1;Estimated Victims: Women2 "Estimated Victims: Women2" true true false 4 Long 0 0,First,#,WiFVES_Communities,gbv_among_communities.csv.Estimated Victims: Women2,-1,-1;Estimated  Victims: Men "Estimated  Victims: Men" true true false 4 Long 0 0,First,#,WiFVES_Communities,gbv_among_communities.csv.Estimated  Victims: Men,-1,-1;Economic GBV Awareness (%) "Economic GBV Awareness (%)" true true false 8 Double 0 0,First,#,WiFVES_Communities,gbv_among_communities.csv.Economic GBV Awareness (%),-1,-1;Suspected Economic GBV "Suspected Economic GBV" true true false 4 Long 0 0,First,#,WiFVES_Communities,gbv_among_communities.csv.Suspected Economic GBV,-1,-1;Suspected Economic GBV (2022)2 "Suspected Economic GBV (2022)2" true true false 4 Long 0 0,First,#,WiFVES_Communities,gbv_among_communities.csv.Suspected Economic GBV (2022)2,-1,-1;Estimated Cases Reported "Estimated Cases Reported" true true false 4 Long 0 0,First,#,WiFVES_Communities,gbv_among_communities.csv.Estimated Cases Reported,-1,-1;Victims: Women33 "Victims: Women33" true true false 4 Long 0 0,First,#,WiFVES_Communities,gbv_among_communities.csv.Victims: Women33,-1,-1;Victims: Men2 "Victims: Men2" true true false 4 Long 0 0,First,#,WiFVES_Communities,gbv_among_communities.csv.Victims: Men2,-1,-1;Estimated Victims: Women22 "Estimated Victims: Women22" true true false 4 Long 0 0,First,#,WiFVES_Communities,gbv_among_communities.csv.Estimated Victims: Women22,-1,-1;Estimated  Victims: Men3 "Estimated  Victims: Men3" true true false 4 Long 0 0,First,#,WiFVES_Communities,gbv_among_communities.csv.Estimated  Victims: Men3,-1,-1;Reporting rates in % "Reporting rates in %" true true false 8 Double 0 0,First,#,WiFVES_Communities,gbv_among_communities.csv.Reporting rates in %,-1,-1" #</Process></lineage></DataProperties><ArcGISFormat>1.0</ArcGISFormat></Esri><idinfo><native Sync="TRUE">Microsoft Windows XP Version 5.1 (Build 2600) Service Pack 2; ESRI ArcCatalog 9.3.0.1770</native><descript><langdata Sync="TRUE">en</langdata><abstract>REQUIRED: A brief narrative summary of the data set.</abstract><purpose>REQUIRED: A summary of the intentions with which the data set was developed.</purpose></descript><citation><citeinfo><origin>REQUIRED: The name of an organization or individual that developed the data set.</origin><pubdate>REQUIRED: The date when the data set is published or otherwise made available for release.</pubdate><title Sync="TRUE">Towns</title><ftname Sync="TRUE">Towns</ftname><geoform Sync="TRUE">vector digital data</geoform><onlink Sync="TRUE">\\Gisserver\T-R-A-I-N-I-N-G\GIS_DATA\Vectors\Country_Shapefiles\Towns.shp</onlink></citeinfo></citation><timeperd><current>REQUIRED: The basis on which the time period of content information is determined.</current><timeinfo><sngdate><caldate>REQUIRED: The year (and optionally month, or month and day) for which the data set corresponds to the ground.</caldate></sngdate></timeinfo></timeperd><status><progress>REQUIRED: The state of the data set.</progress><update>REQUIRED: The frequency with which changes and additions are made to the data set after the initial data set is completed.</update></status><spdom><bounding><westbc Sync="TRUE">-3.264824</westbc><eastbc Sync="TRUE">1.219013</eastbc><northbc Sync="TRUE">11.153226</northbc><southbc Sync="TRUE">4.741860</southbc></bounding><lboundng><leftbc Sync="TRUE">26920.837526</leftbc><rightbc Sync="TRUE">516711.351786</rightbc><bottombc Sync="TRUE">8710.281667</bottombc><topbc Sync="TRUE">717147.270833</topbc></lboundng></spdom><keywords><theme><themekt>REQUIRED: Reference to a formally registered thesaurus or a similar authoritative source of theme keywords.</themekt><themekey>REQUIRED: Common-use word or phrase used to describe the subject of the data set.</themekey></theme></keywords><accconst>REQUIRED: Restrictions and legal prerequisites for accessing the data set.</accconst><useconst>REQUIRED: Restrictions and legal prerequisites for using the data set after access is granted.</useconst><natvform Sync="TRUE">Shapefile</natvform></idinfo><dataIdInfo><envirDesc Sync="TRUE">Microsoft Windows 10 Version 10.0 (Build 22621) ; Esri ArcGIS 13.0.0.36056</envirDesc><dataLang><languageCode Sync="TRUE" value="eng"></languageCode><countryCode value="GBR" Sync="TRUE"></countryCode></dataLang><idCitation><resTitle Sync="TRUE">wifves_communities</resTitle><presForm><PresFormCd Sync="TRUE" value="005"></PresFormCd></presForm></idCitation><spatRpType><SpatRepTypCd Sync="TRUE" value="001"></SpatRepTypCd></spatRpType><dataExt><geoEle><GeoBndBox esriExtentType="native"><westBL Sync="TRUE">26920.837526</westBL><eastBL Sync="TRUE">516711.351786</eastBL><northBL Sync="TRUE">717147.270833</northBL><southBL Sync="TRUE">8710.281667</southBL><exTypeCode Sync="TRUE">1</exTypeCode></GeoBndBox></geoEle></dataExt><geoBox esriExtentType="decdegrees"><westBL Sync="TRUE">-3.264824</westBL><eastBL Sync="TRUE">1.219013</eastBL><northBL Sync="TRUE">11.153226</northBL><southBL Sync="TRUE">4.74186</southBL><exTypeCode Sync="TRUE">1</exTypeCode></geoBox></dataIdInfo><metainfo><langmeta Sync="TRUE">en</langmeta><metstdn Sync="TRUE">FGDC Content Standards for Digital Geospatial Metadata</metstdn><metstdv Sync="TRUE">FGDC-STD-001-1998</metstdv><mettc Sync="TRUE">local time</mettc><metc><cntinfo><cntorgp><cntper>REQUIRED: The person responsible for the metadata information.</cntper><cntorg>REQUIRED: The organization responsible for the metadata information.</cntorg></cntorgp><cntaddr><addrtype>REQUIRED: The mailing and/or physical address for the organization or individual.</addrtype><city>REQUIRED: The city of the address.</city><state>REQUIRED: The state or province of the address.</state><postal>REQUIRED: The ZIP or other postal code of the address.</postal></cntaddr><cntvoice>REQUIRED: The telephone number by which individuals can speak to the organization or individual.</cntvoice></cntinfo></metc><metd Sync="TRUE">20090302</metd></metainfo><mdLang><languageCode Sync="TRUE" value="eng"></languageCode><countryCode value="GBR" Sync="TRUE"></countryCode></mdLang><mdStanName Sync="TRUE">ISO 19115 Geographic Information - Metadata</mdStanName><mdStanVer Sync="TRUE">DIS_ESRI1.0</mdStanVer><mdChar><CharSetCd Sync="TRUE" value="004"></CharSetCd></mdChar><mdHrLv><ScopeCd Sync="TRUE" value="005"></ScopeCd></mdHrLv><mdHrLvName Sync="TRUE">dataset</mdHrLvName><distinfo><resdesc Sync="TRUE">Downloadable Data</resdesc><stdorder><digform><digtinfo><transize Sync="TRUE">0.159</transize><dssize Sync="TRUE">0.159</dssize></digtinfo></digform></stdorder></distinfo><distInfo><distributor><distorTran><onLineSrc><orDesc Sync="TRUE">002</orDesc><linkage Sync="TRUE">file://\\Gisserver\T-R-A-I-N-I-N-G\GIS_DATA\Vectors\Country_Shapefiles\Towns.shp</linkage><protocol Sync="TRUE">Local Area Network</protocol></onLineSrc><transSize Sync="TRUE">0.159</transSize></distorTran><distorFormat><formatName Sync="TRUE">Shapefile</formatName></distorFormat></distributor><distFormat><formatName Sync="TRUE">Shapefile</formatName></distFormat><distTranOps><transSize Sync="TRUE">0.000</transSize></distTranOps></distInfo><spdoinfo><direct Sync="TRUE">Vector</direct><ptvctinf><esriterm Name="wifves_communities"><efeatyp Sync="TRUE">Simple</efeatyp><efeageom code="1" Sync="TRUE"></efeageom><esritopo Sync="TRUE">FALSE</esritopo><efeacnt Sync="TRUE">0</efeacnt><spindex Sync="TRUE">FALSE</spindex><linrefer Sync="TRUE">FALSE</linrefer></esriterm></ptvctinf></spdoinfo><spref><horizsys><cordsysn><geogcsn Sync="TRUE">GCS_Leigon</geogcsn><projcsn Sync="TRUE">Ghana_Metre_Grid</projcsn></cordsysn><planar><planci><plance Sync="TRUE">coordinate pair</plance><plandu Sync="TRUE">meters</plandu><coordrep><absres Sync="TRUE">0.000000</absres><ordres Sync="TRUE">0.000000</ordres></coordrep></planci></planar><geodetic><horizdn Sync="TRUE">D_Leigon</horizdn><ellips Sync="TRUE">Clarke_1880_RGS</ellips><semiaxis Sync="TRUE">6378249.145000</semiaxis><denflat Sync="TRUE">293.465000</denflat></geodetic></horizsys></spref><refSysInfo><RefSystem><refSysID><identCode Sync="TRUE" code="25000">Ghana_Metre_Grid</identCode><idCodeSpace Sync="TRUE">EPSG</idCodeSpace><idVersion Sync="TRUE">2.1(3.0.1)</idVersion></refSysID></RefSystem></refSysInfo><spatRepInfo><VectSpatRep><geometObjs Name="wifves_communities"><geoObjTyp><GeoObjTypCd value="004" Sync="TRUE"></GeoObjTypCd></geoObjTyp><geoObjCnt Sync="TRUE">0</geoObjCnt></geometObjs><topLvl><TopoLevCd value="001" Sync="TRUE"></TopoLevCd></topLvl></VectSpatRep></spatRepInfo><eainfo><detailed Name="wifves_communities"><enttyp><enttypl Sync="TRUE">wifves_communities</enttypl><enttypt Sync="TRUE">Feature Class</enttypt><enttypc Sync="TRUE">0</enttypc></enttyp><attr><attrlabl Sync="TRUE">FID</attrlabl><attalias Sync="TRUE">FID</attalias><attrtype Sync="TRUE">OID</attrtype><attwidth Sync="TRUE">4</attwidth><atprecis Sync="TRUE">0</atprecis><attscale Sync="TRUE">0</attscale><attrdef Sync="TRUE">Internal feature number.</attrdef><attrdefs Sync="TRUE">Esri</attrdefs><attrdomv><udom Sync="TRUE">Sequential unique whole numbers that are automatically generated.</udom></attrdomv></attr><attr><attrlabl Sync="TRUE">Shape</attrlabl><attalias Sync="TRUE">Shape</attalias><attrtype Sync="TRUE">Geometry</attrtype><attwidth Sync="TRUE">0</attwidth><atprecis Sync="TRUE">0</atprecis><attscale Sync="TRUE">0</attscale><attrdef Sync="TRUE">Feature geometry.</attrdef><attrdefs Sync="TRUE">ESRI</attrdefs><attrdomv><udom Sync="TRUE">Coordinates defining the features.</udom></attrdomv></attr><attr><attrlabl Sync="TRUE">TOWN_NAME</attrlabl><attalias Sync="TRUE">TOWN_NAME</attalias><attrtype Sync="TRUE">String</attrtype><attwidth Sync="TRUE">40</attwidth><atprecis Sync="TRUE">0</atprecis><attscale Sync="TRUE">0</attscale></attr><attr><attrlabl Sync="TRUE">DISTRICT</attrlabl><attalias Sync="TRUE">DISTRICT</attalias><attrtype Sync="TRUE">String</attrtype><attwidth Sync="TRUE">50</attwidth><atprecis Sync="TRUE">0</atprecis><attscale Sync="TRUE">0</attscale></attr><attr><attrlabl Sync="TRUE">REGION</attrlabl><attalias Sync="TRUE">REGION</attalias><attrtype Sync="TRUE">String</attrtype><attwidth Sync="TRUE">20</attwidth><atprecis Sync="TRUE">0</atprecis><attscale Sync="TRUE">0</attscale></attr><attr><attrlabl Sync="TRUE">Community</attrlabl><attalias Sync="TRUE">Community</attalias><attrtype Sync="TRUE">String</attrtype><attwidth Sync="TRUE">254</attwidth><atprecis Sync="TRUE">0</atprecis><attscale Sync="TRUE">0</attscale></attr><attr><attrlabl Sync="TRUE">Town_Nam_1</attrlabl><attalias Sync="TRUE">Town_Nam_1</attalias><attrtype Sync="TRUE">String</attrtype><attwidth Sync="TRUE">254</attwidth><atprecis Sync="TRUE">0</atprecis><attscale Sync="TRUE">0</attscale></attr><attr><attrlabl Sync="TRUE">Sample_Siz</attrlabl><attalias Sync="TRUE">Sample_Siz</attalias><attrtype Sync="TRUE">Integer</attrtype><attwidth Sync="TRUE">10</attwidth><atprecis Sync="TRUE">10</atprecis><attscale Sync="TRUE">0</attscale></attr><attr><attrlabl Sync="TRUE">Population</attrlabl><attalias Sync="TRUE">Population</attalias><attrtype Sync="TRUE">Integer</attrtype><attwidth Sync="TRUE">10</attwidth><atprecis Sync="TRUE">10</atprecis><attscale Sync="TRUE">0</attscale></attr><attr><attrlabl Sync="TRUE">General_GB</attrlabl><attalias Sync="TRUE">General_GB</attalias><attrtype Sync="TRUE">Double</attrtype><attwidth Sync="TRUE">19</attwidth><atprecis Sync="TRUE">0</atprecis><attscale Sync="TRUE">0</attscale></attr><attr><attrlabl Sync="TRUE">Sexual_GBV</attrlabl><attalias Sync="TRUE">Sexual_GBV</attalias><attrtype Sync="TRUE">Double</attrtype><attwidth Sync="TRUE">19</attwidth><atprecis Sync="TRUE">0</atprecis><attscale Sync="TRUE">0</attscale></attr><attr><attrlabl Sync="TRUE">Suspected_</attrlabl><attalias Sync="TRUE">Suspected_</attalias><attrtype Sync="TRUE">Integer</attrtype><attwidth Sync="TRUE">10</attwidth><atprecis Sync="TRUE">10</atprecis><attscale Sync="TRUE">0</attscale></attr><attr><attrlabl Sync="TRUE">Suspected1</attrlabl><attalias Sync="TRUE">Suspected1</attalias><attrtype Sync="TRUE">Integer</attrtype><attwidth Sync="TRUE">10</attwidth><atprecis Sync="TRUE">10</atprecis><attscale Sync="TRUE">0</attscale></attr><attr><attrlabl Sync="TRUE">Estimated_</attrlabl><attalias Sync="TRUE">Estimated_</attalias><attrtype Sync="TRUE">Integer</attrtype><attwidth Sync="TRUE">10</attwidth><atprecis Sync="TRUE">10</atprecis><attscale Sync="TRUE">0</attscale></attr><attr><attrlabl Sync="TRUE">Victims__W</attrlabl><attalias Sync="TRUE">Victims__W</attalias><attrtype Sync="TRUE">Integer</attrtype><attwidth Sync="TRUE">10</attwidth><atprecis Sync="TRUE">10</atprecis><attscale Sync="TRUE">0</attscale></attr><attr><attrlabl Sync="TRUE">Victims__M</attrlabl><attalias Sync="TRUE">Victims__M</attalias><attrtype Sync="TRUE">Integer</attrtype><attwidth Sync="TRUE">10</attwidth><atprecis Sync="TRUE">10</atprecis><attscale Sync="TRUE">0</attscale></attr><attr><attrlabl Sync="TRUE">Estimated1</attrlabl><attalias Sync="TRUE">Estimated1</attalias><attrtype Sync="TRUE">Integer</attrtype><attwidth Sync="TRUE">10</attwidth><atprecis Sync="TRUE">10</atprecis><attscale Sync="TRUE">0</attscale></attr><attr><attrlabl Sync="TRUE">Estimate_1</attrlabl><attalias Sync="TRUE">Estimate_1</attalias><attrtype Sync="TRUE">Integer</attrtype><attwidth Sync="TRUE">10</attwidth><atprecis Sync="TRUE">10</atprecis><attscale Sync="TRUE">0</attscale></attr><attr><attrlabl Sync="TRUE">Physical_G</attrlabl><attalias Sync="TRUE">Physical_G</attalias><attrtype Sync="TRUE">Double</attrtype><attwidth Sync="TRUE">19</attwidth><atprecis Sync="TRUE">0</atprecis><attscale Sync="TRUE">0</attscale></attr><attr><attrlabl Sync="TRUE">Suspecte_1</attrlabl><attalias Sync="TRUE">Suspecte_1</attalias><attrtype Sync="TRUE">Integer</attrtype><attwidth Sync="TRUE">10</attwidth><atprecis Sync="TRUE">10</atprecis><attscale Sync="TRUE">0</attscale></attr><attr><attrlabl Sync="TRUE">Suspecte_2</attrlabl><attalias Sync="TRUE">Suspecte_2</attalias><attrtype Sync="TRUE">Integer</attrtype><attwidth Sync="TRUE">10</attwidth><atprecis Sync="TRUE">10</atprecis><attscale Sync="TRUE">0</attscale></attr><attr><attrlabl Sync="TRUE">Estimate_2</attrlabl><attalias Sync="TRUE">Estimate_2</attalias><attrtype Sync="TRUE">Integer</attrtype><attwidth Sync="TRUE">10</attwidth><atprecis Sync="TRUE">10</atprecis><attscale Sync="TRUE">0</attscale></attr><attr><attrlabl Sync="TRUE">Victims__1</attrlabl><attalias Sync="TRUE">Victims__1</attalias><attrtype Sync="TRUE">Integer</attrtype><attwidth Sync="TRUE">10</attwidth><atprecis Sync="TRUE">10</atprecis><attscale Sync="TRUE">0</attscale></attr><attr><attrlabl Sync="TRUE">Victims__2</attrlabl><attalias Sync="TRUE">Victims__2</attalias><attrtype Sync="TRUE">Integer</attrtype><attwidth Sync="TRUE">10</attwidth><atprecis Sync="TRUE">10</atprecis><attscale Sync="TRUE">0</attscale></attr><attr><attrlabl Sync="TRUE">Estimate_3</attrlabl><attalias Sync="TRUE">Estimate_3</attalias><attrtype Sync="TRUE">Integer</attrtype><attwidth Sync="TRUE">10</attwidth><atprecis Sync="TRUE">10</atprecis><attscale Sync="TRUE">0</attscale></attr><attr><attrlabl Sync="TRUE">Estimate_4</attrlabl><attalias Sync="TRUE">Estimate_4</attalias><attrtype Sync="TRUE">Integer</attrtype><attwidth Sync="TRUE">10</attwidth><atprecis Sync="TRUE">10</atprecis><attscale Sync="TRUE">0</attscale></attr><attr><attrlabl Sync="TRUE">Economic_G</attrlabl><attalias Sync="TRUE">Economic_G</attalias><attrtype Sync="TRUE">Double</attrtype><attwidth Sync="TRUE">19</attwidth><atprecis Sync="TRUE">0</atprecis><attscale Sync="TRUE">0</attscale></attr><attr><attrlabl Sync="TRUE">Suspecte_3</attrlabl><attalias Sync="TRUE">Suspecte_3</attalias><attrtype Sync="TRUE">Integer</attrtype><attwidth Sync="TRUE">10</attwidth><atprecis Sync="TRUE">10</atprecis><attscale Sync="TRUE">0</attscale></attr><attr><attrlabl Sync="TRUE">Suspecte_4</attrlabl><attalias Sync="TRUE">Suspecte_4</attalias><attrtype Sync="TRUE">Integer</attrtype><attwidth Sync="TRUE">10</attwidth><atprecis Sync="TRUE">10</atprecis><attscale Sync="TRUE">0</attscale></attr><attr><attrlabl Sync="TRUE">Estimate_5</attrlabl><attalias Sync="TRUE">Estimate_5</attalias><attrtype Sync="TRUE">Integer</attrtype><attwidth Sync="TRUE">10</attwidth><atprecis Sync="TRUE">10</atprecis><attscale Sync="TRUE">0</attscale></attr><attr><attrlabl Sync="TRUE">Victims__3</attrlabl><attalias Sync="TRUE">Victims__3</attalias><attrtype Sync="TRUE">Integer</attrtype><attwidth Sync="TRUE">10</attwidth><atprecis Sync="TRUE">10</atprecis><attscale Sync="TRUE">0</attscale></attr><attr><attrlabl Sync="TRUE">Victims__4</attrlabl><attalias Sync="TRUE">Victims__4</attalias><attrtype Sync="TRUE">Integer</attrtype><attwidth Sync="TRUE">10</attwidth><atprecis Sync="TRUE">10</atprecis><attscale Sync="TRUE">0</attscale></attr><attr><attrlabl Sync="TRUE">Estimate_6</attrlabl><attalias Sync="TRUE">Estimate_6</attalias><attrtype Sync="TRUE">Integer</attrtype><attwidth Sync="TRUE">10</attwidth><atprecis Sync="TRUE">10</atprecis><attscale Sync="TRUE">0</attscale></attr><attr><attrlabl Sync="TRUE">Estimate_7</attrlabl><attalias Sync="TRUE">Estimate_7</attalias><attrtype Sync="TRUE">Integer</attrtype><attwidth Sync="TRUE">10</attwidth><atprecis Sync="TRUE">10</atprecis><attscale Sync="TRUE">0</attscale></attr><attr><attrlabl Sync="TRUE">Reporting_</attrlabl><attalias Sync="TRUE">Reporting_</attalias><attrtype Sync="TRUE">Double</attrtype><attwidth Sync="TRUE">19</attwidth><atprecis Sync="TRUE">0</atprecis><attscale Sync="TRUE">0</attscale></attr></detailed></eainfo><mdDateSt Sync="TRUE">20240102</mdDateSt></metadata>
